<?xml version="1.0" encoding="UTF-8"?>
<export version="E">
  <design>
    <source>/home/ribarski/Elsys/Diplomna rabota/electricscheme/electricscheme.kicad_sch</source>
    <date>14.03.2022 (пн) 20:34:48</date>
    <tool>Eeschema 6.0.2-378541a8eb~116~ubuntu20.04.1</tool>
    <sheet number="1" name="/" tstamps="/">
      <title_block>
        <title/>
        <company/>
        <rev/>
        <date/>
        <source>electricscheme.kicad_sch</source>
        <comment number="1" value=""/>
        <comment number="2" value=""/>
        <comment number="3" value=""/>
        <comment number="4" value=""/>
        <comment number="5" value=""/>
        <comment number="6" value=""/>
        <comment number="7" value=""/>
        <comment number="8" value=""/>
        <comment number="9" value=""/>
      </title_block>
    </sheet>
  </design>
  <components>
    <comp ref="C1">
      <value>0.1uF</value>
      <libsource lib="Device" part="C" description="Unpolarized capacitor"/>
      <property name="Sheetname" value=""/>
      <property name="Sheetfile" value="electricscheme.kicad_sch"/>
      <sheetpath names="/" tstamps="/"/>
      <tstamps>031104a4-424c-44fd-9a02-30d256be05cd</tstamps>
    </comp>
    <comp ref="C2">
      <value>0.1uF</value>
      <libsource lib="Device" part="C" description="Unpolarized capacitor"/>
      <property name="Sheetname" value=""/>
      <property name="Sheetfile" value="electricscheme.kicad_sch"/>
      <sheetpath names="/" tstamps="/"/>
      <tstamps>c5cadfb5-9cbc-417c-9bc6-36d1b67f87d9</tstamps>
    </comp>
    <comp ref="C3">
      <value>0.1uF</value>
      <libsource lib="Device" part="C" description="Unpolarized capacitor"/>
      <property name="Sheetname" value=""/>
      <property name="Sheetfile" value="electricscheme.kicad_sch"/>
      <sheetpath names="/" tstamps="/"/>
      <tstamps>5f635124-c31d-4a8d-aa84-91ae047d5c52</tstamps>
    </comp>
    <comp ref="C4">
      <value>0.1uF</value>
      <libsource lib="Device" part="C" description="Unpolarized capacitor"/>
      <property name="Sheetname" value=""/>
      <property name="Sheetfile" value="electricscheme.kicad_sch"/>
      <sheetpath names="/" tstamps="/"/>
      <tstamps>fad13f00-4397-4d7c-b60f-4e0ff9cdbe36</tstamps>
    </comp>
    <comp ref="D1">
      <value>POWER LED</value>
      <libsource lib="Device" part="LED" description="Light emitting diode"/>
      <property name="Sheetname" value=""/>
      <property name="Sheetfile" value="electricscheme.kicad_sch"/>
      <sheetpath names="/" tstamps="/"/>
      <tstamps>02da07a3-10f7-4b0b-8c4b-0833ea2c6a34</tstamps>
    </comp>
    <comp ref="D2">
      <value>Detection LED</value>
      <libsource lib="Device" part="LED" description="Light emitting diode"/>
      <property name="Sheetname" value=""/>
      <property name="Sheetfile" value="electricscheme.kicad_sch"/>
      <sheetpath names="/" tstamps="/"/>
      <tstamps>c8e22ea5-faec-4772-abed-4f1e6535b430</tstamps>
    </comp>
    <comp ref="D3">
      <value>POWER LED</value>
      <libsource lib="Device" part="LED" description="Light emitting diode"/>
      <property name="Sheetname" value=""/>
      <property name="Sheetfile" value="electricscheme.kicad_sch"/>
      <sheetpath names="/" tstamps="/"/>
      <tstamps>611c0719-7c4d-4431-b333-689a90d2ac30</tstamps>
    </comp>
    <comp ref="D4">
      <value>IR TX</value>
      <footprint>LED_SMD:LED_1206_3216Metric</footprint>
      <datasheet>http://www.everlight.com/file/ProductFile/IR26-21C-L110-TR8.pdf</datasheet>
      <libsource lib="LED" part="IR26-21C_L110_TR8" description="940nm, 20 deg, Infrared LED, 1206"/>
      <property name="Sheetname" value=""/>
      <property name="Sheetfile" value="electricscheme.kicad_sch"/>
      <sheetpath names="/" tstamps="/"/>
      <tstamps>3286315f-ee60-4a16-886c-f514160178fc</tstamps>
    </comp>
    <comp ref="D5">
      <value>IR TX</value>
      <footprint>LED_SMD:LED_1206_3216Metric</footprint>
      <datasheet>http://www.everlight.com/file/ProductFile/IR26-21C-L110-TR8.pdf</datasheet>
      <libsource lib="LED" part="IR26-21C_L110_TR8" description="940nm, 20 deg, Infrared LED, 1206"/>
      <property name="Sheetname" value=""/>
      <property name="Sheetfile" value="electricscheme.kicad_sch"/>
      <sheetpath names="/" tstamps="/"/>
      <tstamps>1e6982f1-d54d-4541-b85e-8489bd56de78</tstamps>
    </comp>
    <comp ref="D6">
      <value>IR RX</value>
      <footprint>LED_THT:LED_D3.0mm_IRBlack</footprint>
      <datasheet>http://www.everlight.com/file/ProductFile/IR204-A.pdf</datasheet>
      <libsource lib="LED" part="IR204A" description="Infrared LED , 3mm LED package"/>
      <property name="Sheetname" value=""/>
      <property name="Sheetfile" value="electricscheme.kicad_sch"/>
      <sheetpath names="/" tstamps="/"/>
      <tstamps>9af82f3b-ddab-4c79-bf47-c4038505ea14</tstamps>
    </comp>
    <comp ref="D7">
      <value>IR RX</value>
      <footprint>LED_THT:LED_D3.0mm_IRBlack</footprint>
      <datasheet>http://www.everlight.com/file/ProductFile/IR204-A.pdf</datasheet>
      <libsource lib="LED" part="IR204A" description="Infrared LED , 3mm LED package"/>
      <property name="Sheetname" value=""/>
      <property name="Sheetfile" value="electricscheme.kicad_sch"/>
      <sheetpath names="/" tstamps="/"/>
      <tstamps>b45c8b97-c442-4859-b138-b2e36154ebf0</tstamps>
    </comp>
    <comp ref="D8">
      <value>Detection LED</value>
      <libsource lib="Device" part="LED" description="Light emitting diode"/>
      <property name="Sheetname" value=""/>
      <property name="Sheetfile" value="electricscheme.kicad_sch"/>
      <sheetpath names="/" tstamps="/"/>
      <tstamps>131e4c8c-a655-4327-a3bc-b7c3ba850068</tstamps>
    </comp>
    <comp ref="R1">
      <value>1k</value>
      <libsource lib="Device" part="R" description="Resistor"/>
      <property name="Sheetname" value=""/>
      <property name="Sheetfile" value="electricscheme.kicad_sch"/>
      <sheetpath names="/" tstamps="/"/>
      <tstamps>7b7fd0b7-a854-4cb8-9f2b-87d56aa537ac</tstamps>
    </comp>
    <comp ref="R2">
      <value>100</value>
      <libsource lib="Device" part="R" description="Resistor"/>
      <property name="Sheetname" value=""/>
      <property name="Sheetfile" value="electricscheme.kicad_sch"/>
      <sheetpath names="/" tstamps="/"/>
      <tstamps>65df9da7-c35b-46e0-8015-584a721c070f</tstamps>
    </comp>
    <comp ref="R3">
      <value>10k</value>
      <libsource lib="Device" part="R" description="Resistor"/>
      <property name="Sheetname" value=""/>
      <property name="Sheetfile" value="electricscheme.kicad_sch"/>
      <sheetpath names="/" tstamps="/"/>
      <tstamps>402573cf-7f6b-4bb4-b015-c9170618bf77</tstamps>
    </comp>
    <comp ref="R4">
      <value>1k</value>
      <libsource lib="Device" part="R" description="Resistor"/>
      <property name="Sheetname" value=""/>
      <property name="Sheetfile" value="electricscheme.kicad_sch"/>
      <sheetpath names="/" tstamps="/"/>
      <tstamps>fd2b9bb0-fb5f-4275-82bf-605eb0918743</tstamps>
    </comp>
    <comp ref="R5">
      <value>1k</value>
      <libsource lib="Device" part="R" description="Resistor"/>
      <property name="Sheetname" value=""/>
      <property name="Sheetfile" value="electricscheme.kicad_sch"/>
      <sheetpath names="/" tstamps="/"/>
      <tstamps>bdaeae97-0f06-4c14-8527-d96cb14f42b5</tstamps>
    </comp>
    <comp ref="R6">
      <value>100</value>
      <libsource lib="Device" part="R" description="Resistor"/>
      <property name="Sheetname" value=""/>
      <property name="Sheetfile" value="electricscheme.kicad_sch"/>
      <sheetpath names="/" tstamps="/"/>
      <tstamps>6485030d-9d2d-4d4e-82ef-4075ce854e43</tstamps>
    </comp>
    <comp ref="R7">
      <value>10k</value>
      <libsource lib="Device" part="R" description="Resistor"/>
      <property name="Sheetname" value=""/>
      <property name="Sheetfile" value="electricscheme.kicad_sch"/>
      <sheetpath names="/" tstamps="/"/>
      <tstamps>d2a3bf6d-27ac-4f94-81a8-bb5a5c5d6ec5</tstamps>
    </comp>
    <comp ref="R8">
      <value>1k</value>
      <libsource lib="Device" part="R" description="Resistor"/>
      <property name="Sheetname" value=""/>
      <property name="Sheetfile" value="electricscheme.kicad_sch"/>
      <sheetpath names="/" tstamps="/"/>
      <tstamps>4995f7c3-58b3-41c0-bb6e-b854077b5434</tstamps>
    </comp>
    <comp ref="RV1">
      <value>10k</value>
      <libsource lib="Device" part="R_Potentiometer" description="Potentiometer"/>
      <property name="Sheetname" value=""/>
      <property name="Sheetfile" value="electricscheme.kicad_sch"/>
      <sheetpath names="/" tstamps="/"/>
      <tstamps>22d0b812-5de8-48c1-9155-67a60a530323</tstamps>
    </comp>
    <comp ref="RV2">
      <value>10k</value>
      <libsource lib="Device" part="R_Potentiometer" description="Potentiometer"/>
      <property name="Sheetname" value=""/>
      <property name="Sheetfile" value="electricscheme.kicad_sch"/>
      <sheetpath names="/" tstamps="/"/>
      <tstamps>c7cc34c4-6f34-43a6-b301-a24b325e6661</tstamps>
    </comp>
    <comp ref="U1">
      <value>LM358</value>
      <datasheet>http://www.ti.com/lit/ds/symlink/lm2904-n.pdf</datasheet>
      <libsource lib="" part="LM358_2" description="Low-Power, Dual Operational Amplifiers, DIP-8/SOIC-8/TO-99-8"/>
      <property name="Sheetname" value=""/>
      <property name="Sheetfile" value="electricscheme.kicad_sch"/>
      <sheetpath names="/" tstamps="/"/>
      <tstamps>b3795d0c-92c5-44f7-bf6a-001558fbad00 81d3bd3f-e011-4331-9614-2b5de30ebad9 0340c9fd-9a27-487b-ae00-b3015c2dee10</tstamps>
    </comp>
    <comp ref="U2">
      <value>LM358</value>
      <datasheet>http://www.ti.com/lit/ds/symlink/lm2904-n.pdf</datasheet>
      <libsource lib="" part="LM358_2" description="Low-Power, Dual Operational Amplifiers, DIP-8/SOIC-8/TO-99-8"/>
      <property name="Sheetname" value=""/>
      <property name="Sheetfile" value="electricscheme.kicad_sch"/>
      <sheetpath names="/" tstamps="/"/>
      <tstamps>a3aee273-863a-4c47-a0b7-57d3eff9c84e 2f6fb03c-90e9-4839-90c4-2ab1b038c9db 01a499b9-cab1-4817-aed4-af31fb0116f1</tstamps>
    </comp>
    <comp ref="U3">
      <value>ESP32-DEVKITC</value>
      <footprint>MODULE_ESP32-DEVKITC</footprint>
      <fields>
        <field name="AVAILABILITY">Unavailable</field>
        <field name="DESCRIPTION">EVAL BOARD FOR ESP-WROOM-32</field>
        <field name="MF">Espressif Systems</field>
        <field name="MP">ESP32-DEVKITC-32D-F</field>
        <field name="PACKAGE">None</field>
        <field name="PRICE">None</field>
      </fields>
      <libsource lib="ESP" part="ESP32-DEVKITC" description=""/>
      <property name="MP" value="ESP32-DEVKITC-32D-F"/>
      <property name="AVAILABILITY" value="Unavailable"/>
      <property name="DESCRIPTION" value="EVAL BOARD FOR ESP-WROOM-32"/>
      <property name="PRICE" value="None"/>
      <property name="PACKAGE" value="None"/>
      <property name="MF" value="Espressif Systems"/>
      <property name="Sheetname" value=""/>
      <property name="Sheetfile" value="electricscheme.kicad_sch"/>
      <sheetpath names="/" tstamps="/"/>
      <tstamps>14c6a4a6-2e04-4208-9805-da2e6591f077</tstamps>
    </comp>
    <comp ref="U4">
      <value>LM35</value>
      <footprint>Package_SO:SOIC-8_3.9x4.9mm_P1.27mm</footprint>
      <datasheet>http://www.ti.com/lit/ds/symlink/lm35.pdf</datasheet>
      <libsource lib="Sensor_Temperature" part="LM35-D" description="Precision centigrade temperature sensor, SOIC-8"/>
      <property name="Sheetname" value=""/>
      <property name="Sheetfile" value="electricscheme.kicad_sch"/>
      <sheetpath names="/" tstamps="/"/>
      <tstamps>d7f83aef-19b3-4f0c-a786-7bb4c17fec69</tstamps>
    </comp>
  </components>
  <libparts>
    <libpart lib="" part="LM358_2">
      <description>Low-Power, Dual Operational Amplifiers, DIP-8/SOIC-8/TO-99-8</description>
      <docs>http://www.ti.com/lit/ds/symlink/lm2904-n.pdf</docs>
      <footprints>
        <fp>SOIC*3.9x4.9mm*P1.27mm*</fp>
        <fp>DIP*W7.62mm*</fp>
        <fp>TO*99*</fp>
        <fp>OnSemi*Micro8*</fp>
        <fp>TSSOP*3x3mm*P0.65mm*</fp>
        <fp>TSSOP*4.4x3mm*P0.65mm*</fp>
        <fp>MSOP*3x3mm*P0.65mm*</fp>
        <fp>SSOP*3.9x4.9mm*P0.635mm*</fp>
        <fp>LFCSP*2x2mm*P0.5mm*</fp>
        <fp>*SIP*</fp>
        <fp>SOIC*5.3x6.2mm*P1.27mm*</fp>
      </footprints>
      <fields>
        <field name="Reference">U</field>
        <field name="Value">LM358_2</field>
        <field name="Datasheet">http://www.ti.com/lit/ds/symlink/lm2904-n.pdf</field>
      </fields>
      <pins>
        <pin num="1" name="" type="output"/>
        <pin num="2" name="-" type="input"/>
        <pin num="3" name="+" type="input"/>
        <pin num="4" name="V-" type="power_in"/>
        <pin num="5" name="+" type="input"/>
        <pin num="6" name="-" type="input"/>
        <pin num="7" name="" type="output"/>
        <pin num="8" name="V+" type="power_in"/>
      </pins>
    </libpart>
    <libpart lib="Device" part="C">
      <description>Unpolarized capacitor</description>
      <docs>~</docs>
      <footprints>
        <fp>C_*</fp>
      </footprints>
      <fields>
        <field name="Reference">C</field>
        <field name="Value">C</field>
        <field name="Datasheet">~</field>
      </fields>
      <pins>
        <pin num="1" name="" type="passive"/>
        <pin num="2" name="" type="passive"/>
      </pins>
    </libpart>
    <libpart lib="Device" part="LED">
      <description>Light emitting diode</description>
      <docs>~</docs>
      <footprints>
        <fp>LED*</fp>
        <fp>LED_SMD:*</fp>
        <fp>LED_THT:*</fp>
      </footprints>
      <fields>
        <field name="Reference">D</field>
        <field name="Value">LED</field>
        <field name="Datasheet">~</field>
      </fields>
      <pins>
        <pin num="1" name="K" type="passive"/>
        <pin num="2" name="A" type="passive"/>
      </pins>
    </libpart>
    <libpart lib="Device" part="R">
      <description>Resistor</description>
      <docs>~</docs>
      <footprints>
        <fp>R_*</fp>
      </footprints>
      <fields>
        <field name="Reference">R</field>
        <field name="Value">R</field>
        <field name="Datasheet">~</field>
      </fields>
      <pins>
        <pin num="1" name="" type="passive"/>
        <pin num="2" name="" type="passive"/>
      </pins>
    </libpart>
    <libpart lib="Device" part="R_Potentiometer">
      <description>Potentiometer</description>
      <docs>~</docs>
      <footprints>
        <fp>Potentiometer*</fp>
      </footprints>
      <fields>
        <field name="Reference">RV</field>
        <field name="Value">R_Potentiometer</field>
        <field name="Datasheet">~</field>
      </fields>
      <pins>
        <pin num="1" name="1" type="passive"/>
        <pin num="2" name="2" type="passive"/>
        <pin num="3" name="3" type="passive"/>
      </pins>
    </libpart>
    <libpart lib="ESP" part="ESP32-DEVKITC">
      <fields>
        <field name="Reference">U</field>
        <field name="Value">ESP32-DEVKITC</field>
        <field name="Footprint">MODULE_ESP32-DEVKITC</field>
        <field name="MP">ESP32-DEVKITC-32D-F</field>
        <field name="AVAILABILITY">Unavailable</field>
        <field name="DESCRIPTION">EVAL BOARD FOR ESP-WROOM-32</field>
        <field name="PRICE">None</field>
        <field name="PACKAGE">None</field>
        <field name="MF">Espressif Systems</field>
      </fields>
      <pins>
        <pin num="1" name="3V3" type="power_in"/>
        <pin num="2" name="EN" type="input"/>
        <pin num="3" name="SENSOR_VP" type="input"/>
        <pin num="4" name="SENSOR_VN" type="input"/>
        <pin num="5" name="IO34" type="bidirectional"/>
        <pin num="6" name="IO35" type="bidirectional"/>
        <pin num="7" name="IO32" type="bidirectional"/>
        <pin num="8" name="IO33" type="bidirectional"/>
        <pin num="9" name="IO25" type="bidirectional"/>
        <pin num="10" name="IO26" type="bidirectional"/>
        <pin num="11" name="IO27" type="bidirectional"/>
        <pin num="12" name="IO14" type="bidirectional"/>
        <pin num="13" name="IO12" type="bidirectional"/>
        <pin num="14" name="GND1" type="power_in"/>
        <pin num="15" name="IO13" type="bidirectional"/>
        <pin num="16" name="SD2" type="bidirectional"/>
        <pin num="17" name="SD3" type="bidirectional"/>
        <pin num="18" name="CMD" type="bidirectional"/>
        <pin num="19" name="EXT_5V" type="power_in"/>
        <pin num="20" name="CLK" type="input"/>
        <pin num="21" name="SD0" type="bidirectional"/>
        <pin num="22" name="SD1" type="bidirectional"/>
        <pin num="23" name="IO15" type="bidirectional"/>
        <pin num="24" name="IO2" type="bidirectional"/>
        <pin num="25" name="IO0" type="bidirectional"/>
        <pin num="26" name="IO4" type="bidirectional"/>
        <pin num="27" name="IO16" type="bidirectional"/>
        <pin num="28" name="IO17" type="bidirectional"/>
        <pin num="29" name="IO5" type="bidirectional"/>
        <pin num="30" name="IO18" type="bidirectional"/>
        <pin num="31" name="IO19" type="bidirectional"/>
        <pin num="32" name="GND2" type="power_in"/>
        <pin num="33" name="IO21" type="bidirectional"/>
        <pin num="34" name="RXD0" type="input"/>
        <pin num="35" name="TXD0" type="output"/>
        <pin num="36" name="IO22" type="bidirectional"/>
        <pin num="37" name="IO23" type="bidirectional"/>
        <pin num="38" name="GND3" type="power_in"/>
      </pins>
    </libpart>
    <libpart lib="LED" part="IR204A">
      <description>Infrared LED , 3mm LED package</description>
      <docs>http://www.everlight.com/file/ProductFile/IR204-A.pdf</docs>
      <footprints>
        <fp>LED*3.0mm*IRBlack*</fp>
      </footprints>
      <fields>
        <field name="Reference">D</field>
        <field name="Value">IR204A</field>
        <field name="Footprint">LED_THT:LED_D3.0mm_IRBlack</field>
        <field name="Datasheet">http://www.everlight.com/file/ProductFile/IR204-A.pdf</field>
      </fields>
      <pins>
        <pin num="1" name="K" type="passive"/>
        <pin num="2" name="A" type="passive"/>
      </pins>
    </libpart>
    <libpart lib="LED" part="IR26-21C_L110_TR8">
      <description>940nm, 20 deg, Infrared LED, 1206</description>
      <docs>http://www.everlight.com/file/ProductFile/IR26-21C-L110-TR8.pdf</docs>
      <footprints>
        <fp>LED*1206*3216Metric*</fp>
      </footprints>
      <fields>
        <field name="Reference">D</field>
        <field name="Value">IR26-21C_L110_TR8</field>
        <field name="Footprint">LED_SMD:LED_1206_3216Metric</field>
        <field name="Datasheet">http://www.everlight.com/file/ProductFile/IR26-21C-L110-TR8.pdf</field>
      </fields>
      <pins>
        <pin num="1" name="K" type="passive"/>
        <pin num="2" name="A" type="passive"/>
      </pins>
    </libpart>
    <libpart lib="Sensor_Temperature" part="LM35-D">
      <description>Precision centigrade temperature sensor, SOIC-8</description>
      <docs>http://www.ti.com/lit/ds/symlink/lm35.pdf</docs>
      <footprints>
        <fp>SOIC*</fp>
      </footprints>
      <fields>
        <field name="Reference">U</field>
        <field name="Value">LM35-D</field>
        <field name="Footprint">Package_SO:SOIC-8_3.9x4.9mm_P1.27mm</field>
        <field name="Datasheet">http://www.ti.com/lit/ds/symlink/lm35.pdf</field>
      </fields>
      <pins>
        <pin num="1" name="Vout" type="output"/>
        <pin num="2" name="NC" type="no_connect"/>
        <pin num="3" name="NC" type="no_connect"/>
        <pin num="4" name="GND" type="power_in"/>
        <pin num="5" name="NC" type="no_connect"/>
        <pin num="6" name="NC" type="no_connect"/>
        <pin num="7" name="NC" type="no_connect"/>
        <pin num="8" name="+VS" type="power_in"/>
      </pins>
    </libpart>
  </libparts>
  <libraries>
    <library logical="Device">
      <uri>/usr/share/kicad/symbols//Device.kicad_sym</uri>
    </library>
    <library logical="ESP">
      <uri>/home/ribarski/.local/share/kicad/6.0/symbols/ESP32-DEVKITC.lib</uri>
    </library>
    <library logical="LED">
      <uri>/usr/share/kicad/symbols//LED.kicad_sym</uri>
    </library>
    <library logical="Sensor_Temperature">
      <uri>/usr/share/kicad/symbols//Sensor_Temperature.kicad_sym</uri>
    </library>
  </libraries>
  <nets>
    <net code="1" name="+5V">
      <node ref="D4" pin="2" pinfunction="A" pintype="passive"/>
      <node ref="D5" pin="2" pinfunction="A" pintype="passive"/>
      <node ref="D6" pin="2" pinfunction="A" pintype="passive"/>
      <node ref="D7" pin="2" pinfunction="A" pintype="passive"/>
      <node ref="R1" pin="1" pintype="passive"/>
      <node ref="R4" pin="1" pintype="passive"/>
      <node ref="R5" pin="1" pintype="passive"/>
      <node ref="R8" pin="1" pintype="passive"/>
      <node ref="RV1" pin="1" pinfunction="1" pintype="passive"/>
      <node ref="RV2" pin="1" pinfunction="1" pintype="passive"/>
      <node ref="U1" pin="8" pinfunction="V+" pintype="power_in"/>
      <node ref="U2" pin="8" pinfunction="V+" pintype="power_in"/>
      <node ref="U4" pin="8" pinfunction="+VS" pintype="power_in"/>
    </net>
    <net code="2" name="GND">
      <node ref="C1" pin="2" pintype="passive"/>
      <node ref="C2" pin="2" pintype="passive"/>
      <node ref="C3" pin="2" pintype="passive"/>
      <node ref="C4" pin="2" pintype="passive"/>
      <node ref="D1" pin="1" pinfunction="K" pintype="passive"/>
      <node ref="D3" pin="1" pinfunction="K" pintype="passive"/>
      <node ref="R2" pin="2" pintype="passive"/>
      <node ref="R3" pin="2" pintype="passive"/>
      <node ref="R6" pin="2" pintype="passive"/>
      <node ref="R7" pin="2" pintype="passive"/>
      <node ref="RV1" pin="3" pinfunction="3" pintype="passive"/>
      <node ref="RV2" pin="3" pinfunction="3" pintype="passive"/>
      <node ref="U1" pin="4" pinfunction="V-" pintype="power_in"/>
      <node ref="U2" pin="4" pinfunction="V-" pintype="power_in"/>
      <node ref="U4" pin="4" pinfunction="GND" pintype="power_in"/>
    </net>
    <net code="3" name="Net-(C1-Pad1)">
      <node ref="C1" pin="1" pintype="passive"/>
      <node ref="RV1" pin="2" pinfunction="2" pintype="passive"/>
      <node ref="U1" pin="2" pinfunction="-" pintype="input"/>
      <node ref="U1" pin="6" pinfunction="-" pintype="input"/>
    </net>
    <net code="4" name="Net-(C3-Pad1)">
      <node ref="C3" pin="1" pintype="passive"/>
      <node ref="RV2" pin="2" pinfunction="2" pintype="passive"/>
      <node ref="U2" pin="2" pinfunction="-" pintype="input"/>
      <node ref="U2" pin="6" pinfunction="-" pintype="input"/>
    </net>
    <net code="5" name="Net-(C4-Pad1)">
      <node ref="C4" pin="1" pintype="passive"/>
      <node ref="D8" pin="1" pinfunction="K" pintype="passive"/>
      <node ref="U2" pin="1" pintype="output"/>
      <node ref="U2" pin="7" pintype="output"/>
      <node ref="U3" pin="8" pinfunction="IO33" pintype="bidirectional"/>
    </net>
    <net code="6" name="Net-(D2-Pad1)">
      <node ref="C2" pin="1" pintype="passive"/>
      <node ref="D2" pin="1" pinfunction="K" pintype="passive"/>
      <node ref="U1" pin="1" pintype="output"/>
      <node ref="U1" pin="7" pintype="output"/>
      <node ref="U3" pin="7" pinfunction="IO32" pintype="bidirectional"/>
    </net>
    <net code="7" name="Net-(D3-Pad2)">
      <node ref="D3" pin="2" pinfunction="A" pintype="passive"/>
      <node ref="R5" pin="2" pintype="passive"/>
    </net>
    <net code="8" name="Net-(D5-Pad1)">
      <node ref="D5" pin="1" pinfunction="K" pintype="passive"/>
      <node ref="R6" pin="1" pintype="passive"/>
    </net>
    <net code="9" name="Net-(D7-Pad1)">
      <node ref="D7" pin="1" pinfunction="K" pintype="passive"/>
      <node ref="R7" pin="1" pintype="passive"/>
      <node ref="U2" pin="3" pinfunction="+" pintype="input"/>
      <node ref="U2" pin="5" pinfunction="+" pintype="input"/>
    </net>
    <net code="10" name="Net-(D8-Pad2)">
      <node ref="D8" pin="2" pinfunction="A" pintype="passive"/>
      <node ref="R8" pin="2" pintype="passive"/>
    </net>
    <net code="11" name="Net-(R1-Pad2)">
      <node ref="D1" pin="2" pinfunction="A" pintype="passive"/>
      <node ref="R1" pin="2" pintype="passive"/>
    </net>
    <net code="12" name="Net-(R2-Pad1)">
      <node ref="D4" pin="1" pinfunction="K" pintype="passive"/>
      <node ref="R2" pin="1" pintype="passive"/>
    </net>
    <net code="13" name="Net-(R3-Pad1)">
      <node ref="D6" pin="1" pinfunction="K" pintype="passive"/>
      <node ref="R3" pin="1" pintype="passive"/>
      <node ref="U1" pin="3" pinfunction="+" pintype="input"/>
      <node ref="U1" pin="5" pinfunction="+" pintype="input"/>
    </net>
    <net code="14" name="Net-(R4-Pad2)">
      <node ref="D2" pin="2" pinfunction="A" pintype="passive"/>
      <node ref="R4" pin="2" pintype="passive"/>
    </net>
    <net code="15" name="Net-(U3-Pad5)">
      <node ref="U3" pin="5" pinfunction="IO34" pintype="bidirectional"/>
      <node ref="U4" pin="1" pinfunction="Vout" pintype="output"/>
    </net>
    <net code="16" name="unconnected-(U3-Pad1)">
      <node ref="U3" pin="1" pinfunction="3V3" pintype="power_in"/>
    </net>
    <net code="17" name="unconnected-(U3-Pad2)">
      <node ref="U3" pin="2" pinfunction="EN" pintype="input"/>
    </net>
    <net code="18" name="unconnected-(U3-Pad3)">
      <node ref="U3" pin="3" pinfunction="SENSOR_VP" pintype="input"/>
    </net>
    <net code="19" name="unconnected-(U3-Pad4)">
      <node ref="U3" pin="4" pinfunction="SENSOR_VN" pintype="input"/>
    </net>
    <net code="20" name="unconnected-(U3-Pad6)">
      <node ref="U3" pin="6" pinfunction="IO35" pintype="bidirectional"/>
    </net>
    <net code="21" name="unconnected-(U3-Pad9)">
      <node ref="U3" pin="9" pinfunction="IO25" pintype="bidirectional"/>
    </net>
    <net code="22" name="unconnected-(U3-Pad10)">
      <node ref="U3" pin="10" pinfunction="IO26" pintype="bidirectional"/>
    </net>
    <net code="23" name="unconnected-(U3-Pad11)">
      <node ref="U3" pin="11" pinfunction="IO27" pintype="bidirectional"/>
    </net>
    <net code="24" name="unconnected-(U3-Pad12)">
      <node ref="U3" pin="12" pinfunction="IO14" pintype="bidirectional"/>
    </net>
    <net code="25" name="unconnected-(U3-Pad13)">
      <node ref="U3" pin="13" pinfunction="IO12" pintype="bidirectional"/>
    </net>
    <net code="26" name="unconnected-(U3-Pad14)">
      <node ref="U3" pin="14" pinfunction="GND1" pintype="power_in"/>
    </net>
    <net code="27" name="unconnected-(U3-Pad15)">
      <node ref="U3" pin="15" pinfunction="IO13" pintype="bidirectional"/>
    </net>
    <net code="28" name="unconnected-(U3-Pad16)">
      <node ref="U3" pin="16" pinfunction="SD2" pintype="bidirectional"/>
    </net>
    <net code="29" name="unconnected-(U3-Pad17)">
      <node ref="U3" pin="17" pinfunction="SD3" pintype="bidirectional"/>
    </net>
    <net code="30" name="unconnected-(U3-Pad18)">
      <node ref="U3" pin="18" pinfunction="CMD" pintype="bidirectional"/>
    </net>
    <net code="31" name="unconnected-(U3-Pad19)">
      <node ref="U3" pin="19" pinfunction="EXT_5V" pintype="power_in"/>
    </net>
    <net code="32" name="unconnected-(U3-Pad20)">
      <node ref="U3" pin="20" pinfunction="CLK" pintype="input"/>
    </net>
    <net code="33" name="unconnected-(U3-Pad21)">
      <node ref="U3" pin="21" pinfunction="SD0" pintype="bidirectional"/>
    </net>
    <net code="34" name="unconnected-(U3-Pad22)">
      <node ref="U3" pin="22" pinfunction="SD1" pintype="bidirectional"/>
    </net>
    <net code="35" name="unconnected-(U3-Pad23)">
      <node ref="U3" pin="23" pinfunction="IO15" pintype="bidirectional"/>
    </net>
    <net code="36" name="unconnected-(U3-Pad24)">
      <node ref="U3" pin="24" pinfunction="IO2" pintype="bidirectional"/>
    </net>
    <net code="37" name="unconnected-(U3-Pad25)">
      <node ref="U3" pin="25" pinfunction="IO0" pintype="bidirectional"/>
    </net>
    <net code="38" name="unconnected-(U3-Pad26)">
      <node ref="U3" pin="26" pinfunction="IO4" pintype="bidirectional"/>
    </net>
    <net code="39" name="unconnected-(U3-Pad27)">
      <node ref="U3" pin="27" pinfunction="IO16" pintype="bidirectional"/>
    </net>
    <net code="40" name="unconnected-(U3-Pad28)">
      <node ref="U3" pin="28" pinfunction="IO17" pintype="bidirectional"/>
    </net>
    <net code="41" name="unconnected-(U3-Pad29)">
      <node ref="U3" pin="29" pinfunction="IO5" pintype="bidirectional"/>
    </net>
    <net code="42" name="unconnected-(U3-Pad30)">
      <node ref="U3" pin="30" pinfunction="IO18" pintype="bidirectional"/>
    </net>
    <net code="43" name="unconnected-(U3-Pad31)">
      <node ref="U3" pin="31" pinfunction="IO19" pintype="bidirectional"/>
    </net>
    <net code="44" name="unconnected-(U3-Pad32)">
      <node ref="U3" pin="32" pinfunction="GND2" pintype="power_in"/>
    </net>
    <net code="45" name="unconnected-(U3-Pad33)">
      <node ref="U3" pin="33" pinfunction="IO21" pintype="bidirectional"/>
    </net>
    <net code="46" name="unconnected-(U3-Pad34)">
      <node ref="U3" pin="34" pinfunction="RXD0" pintype="input"/>
    </net>
    <net code="47" name="unconnected-(U3-Pad35)">
      <node ref="U3" pin="35" pinfunction="TXD0" pintype="output"/>
    </net>
    <net code="48" name="unconnected-(U3-Pad36)">
      <node ref="U3" pin="36" pinfunction="IO22" pintype="bidirectional"/>
    </net>
    <net code="49" name="unconnected-(U3-Pad37)">
      <node ref="U3" pin="37" pinfunction="IO23" pintype="bidirectional"/>
    </net>
    <net code="50" name="unconnected-(U3-Pad38)">
      <node ref="U3" pin="38" pinfunction="GND3" pintype="power_in"/>
    </net>
    <net code="51" name="unconnected-(U4-Pad2)">
      <node ref="U4" pin="2" pinfunction="NC" pintype="no_connect"/>
    </net>
    <net code="52" name="unconnected-(U4-Pad3)">
      <node ref="U4" pin="3" pinfunction="NC" pintype="no_connect"/>
    </net>
    <net code="53" name="unconnected-(U4-Pad5)">
      <node ref="U4" pin="5" pinfunction="NC" pintype="no_connect"/>
    </net>
    <net code="54" name="unconnected-(U4-Pad6)">
      <node ref="U4" pin="6" pinfunction="NC" pintype="no_connect"/>
    </net>
    <net code="55" name="unconnected-(U4-Pad7)">
      <node ref="U4" pin="7" pinfunction="NC" pintype="no_connect"/>
    </net>
  </nets>
</export>
